{"objects":[{"idx":"queueMenu","type":"Toggle","value":true},{"idx":"AutoSpinFamilyToggle","type":"Toggle","value":false},{"idx":"AutoPlayToggle","type":"Toggle","value":true},{"idx":"AutoShowToggle","type":"Toggle","value":false},{"idx":"AutoVIPToggle","type":"Toggle","value":false},{"idx":"AutoDepositToggle","type":"Toggle","value":false},{"idx":"SlotsToggle","type":"Toggle","value":true},{"idx":"MenuKeybind","type":"KeyPicker","key":"End","mode":"Toggle"},{"idx":"VIPDelay","type":"Slider","value":"0"},{"idx":"VIPCodeBox","type":"Input","text":""},{"idx":"SpinsWebBox","type":"Input","text":""},{"idx":"SpinFamilyDropdown","type":"Dropdown","multi":true,"value":[]},{"idx":"SelectionMethodDropdown","type":"Dropdown","multi":false,"value":"Alternate"},{"idx":"PickSlotDropdown","type":"Dropdown","multi":false,"value":"A"},{"idx":"SpinDelay","type":"Slider","value":"0.05"},{"idx":"PlayDelay","type":"Slider","value":"10"},{"idx":"SlotDelay","type":"Slider","value":"3"},{"idx":"CfgPlace","type":"Dropdown","value":"Main Menu"},{"idx":"LaunchOptionsDropdown","type":"Dropdown","multi":true,"value":{"Hidden ScreenGUI":true,"Debug mode":true,"Error reconnection":true}},{"idx":"LogSpinTarget","type":"Dropdown","multi":false,"value":"Nobody"}]}