{"objects":[{"idx":"TimerOverride","type":"Toggle","value":true},{"idx":"TotalRaidsToggle","type":"Toggle","value":false},{"idx":"ReturnOnlyMaxToggle","type":"Toggle","value":false},{"idx":"TotalKillsToggle","type":"Toggle","value":false},{"idx":"EnableMaxPlayer","type":"Toggle","value":true},{"idx":"TitanMasteryToggle","type":"Toggle","value":false},{"idx":"WebhookStreakMonthly","type":"Toggle","value":false},{"idx":"TotalMissionsPercentage1stToggle","type":"Toggle","value":false},{"idx":"SpearsTitanBlasterToggle","type":"Toggle","value":true},{"idx":"MonthlyRaidsPercentage1stToggle","type":"Toggle","value":false},{"idx":"MonthlyStreakPercentage25thToggle","type":"Toggle","value":false},{"idx":"AutoRJToggle","type":"Toggle","value":true},{"idx":"HighlightTitansToggle","type":"Toggle","value":false},{"idx":"AutoSkill","type":"Toggle","value":false},{"idx":"MonthlyKillsPercentage1stToggle","type":"Toggle","value":false},{"idx":"DelDMGToggle","type":"Toggle","value":true},{"idx":"ReturnOnlyMaxPrestigeToggle","type":"Toggle","value":false},{"idx":"MonthlyStreakDieToggle","type":"Toggle","value":false},{"idx":"WebhookStreakTotal","type":"Toggle","value":false},{"idx":"MonthlyStreakPercentage1stDieToggle","type":"Toggle","value":false},{"idx":"WebhookMissionsTotal","type":"Toggle","value":false},{"idx":"TitanRipperToggle","type":"Toggle","value":true},{"idx":"TotalStreakPercentage1stToggle","type":"Toggle","value":false},{"idx":"BladesAutoTitansToggle","type":"Toggle","value":true},{"idx":"MonthlyStreakPercentage25thDieToggle","type":"Toggle","value":false},{"idx":"DeleteLeaveToggle","type":"Toggle","value":false},{"idx":"NapeVisToggle","type":"Toggle","value":false},{"idx":"TotalMissionsToggle","type":"Toggle","value":false},{"idx":"TotalStreakPercentage1stDieToggle","type":"Toggle","value":false},{"idx":"AutoQTEToggle","type":"Toggle","value":false},{"idx":"ReturnMaxLevel","type":"Toggle","value":false},{"idx":"EnableWebhookToggle","type":"Toggle","value":false},{"idx":"AutoDieToggle","type":"Toggle","value":false},{"idx":"TotalStreakDieToggle","type":"Toggle","value":false},{"idx":"MonthlyMissionsPercentage25thToggle","type":"Toggle","value":false},{"idx":"TotalRaidsPercentage1stToggle","type":"Toggle","value":false},{"idx":"WebhookKillsTotal","type":"Toggle","value":false},{"idx":"AntiInjuriesToggle","type":"Toggle","value":true},{"idx":"AutoShowToggle","type":"Toggle","value":false},{"idx":"MonthlyStreakToggle","type":"Toggle","value":false},{"idx":"StatCounterToggle","type":"Toggle","value":false},{"idx":"TotalKillsPercentage1stToggle","type":"Toggle","value":false},{"idx":"RenderToggle","type":"Toggle","value":true},{"idx":"WebhookMissionsMonthly","type":"Toggle","value":false},{"idx":"TotalStreakPercentage25thToggle","type":"Toggle","value":false},{"idx":"WebhookRaidsTotal","type":"Toggle","value":false},{"idx":"LogVictoryToggle","type":"Toggle","value":true},{"idx":"AutoSkipToggle","type":"Toggle","value":true},{"idx":"DelSoundToggle","type":"Toggle","value":true},{"idx":"DelParticleToggle","type":"Toggle","value":true},{"idx":"LeaveAfterGamesToggle","type":"Toggle","value":true},{"idx":"FullReloadToggle","type":"Toggle","value":true},{"idx":"AllowFloat","type":"Toggle","value":false},{"idx":"TotalKillsPercentage25thToggle","type":"Toggle","value":false},{"idx":"TotalRaidsPercentage25thToggle","type":"Toggle","value":false},{"idx":"TotalStreakToggle","type":"Toggle","value":false},{"idx":"TotalStreakPercentage25thDieToggle","type":"Toggle","value":false},{"idx":"MonthlyStreakPercentage1stToggle","type":"Toggle","value":false},{"idx":"LogDieFarm","type":"Toggle","value":false},{"idx":"MonthlyMissionsPercentage1stToggle","type":"Toggle","value":false},{"idx":"LogSerumToggle","type":"Toggle","value":true},{"idx":"LogMythicToggle","type":"Toggle","value":true},{"idx":"WebhookRaidsMonthly","type":"Toggle","value":false},{"idx":"WebhookKillsMonthly","type":"Toggle","value":false},{"idx":"MonthlyMissionsToggle","type":"Toggle","value":false},{"idx":"queueGame","type":"Toggle","value":true},{"idx":"EscapeGrabToggle","type":"Toggle","value":true},{"idx":"MonthlyKillsToggle","type":"Toggle","value":false},{"idx":"MonthlyKillsPercentage25thToggle","type":"Toggle","value":false},{"idx":"MonthlyRaidsToggle","type":"Toggle","value":false},{"idx":"TotalMissionsPercentage25thToggle","type":"Toggle","value":false},{"idx":"ReloadBladeToggle","type":"Toggle","value":true},{"idx":"MonthlyRaidsPercentage25thToggle","type":"Toggle","value":false},{"idx":"SpearsAutoTitansToggle","type":"Toggle","value":true},{"idx":"MonthlyKillsPercentage1stSlider","type":"Slider","value":"60"},{"idx":"LeaveGamesSlider","type":"Slider","value":"20"},{"idx":"FarmContentPingDropdown","type":"Dropdown","multi":true,"value":{"Player stats":true,"Multipliers":true,"Mastery":true,"Items":true,"Stats":true}},{"idx":"MonthlyStreakPercentage25thSlider","type":"Slider","value":"80"},{"idx":"MonthlyRaidsPercentage25thSlider","type":"Slider","value":"80"},{"idx":"TotalStreakSlider","type":"Slider","value":"1"},{"idx":"TitanFarmSpeed","type":"Slider","value":"600"},{"idx":"MaxPlayerSlider","type":"Slider","value":"1"},{"idx":"BladesMovement","type":"Dropdown","multi":false,"value":"Teleportation"},{"idx":"TotalStreakPercentage25thSlider","type":"Slider","value":"80"},{"idx":"SpearHPVal","type":"Slider","value":"20"},{"idx":"TotalMissionsSlider","type":"Slider","value":"1"},{"idx":"MonthlyRaidsPercentage1stSlider","type":"Slider","value":"60"},{"idx":"MonthlyStreakSlider","type":"Slider","value":"1"},{"idx":"TotalKillsPercentage1stSlider","type":"Slider","value":"60"},{"idx":"MonthlyMissionsPercentage25thSlider","type":"Slider","value":"80"},{"idx":"MissionsForceWait","type":"Slider","value":"16"},{"idx":"RaidsForceWait","type":"Slider","value":"61"},{"idx":"MonthlyMissionsSlider","type":"Slider","value":"1"},{"idx":"TitanRipperMethod","type":"Dropdown","multi":false,"value":"Alternate"},{"idx":"MenuKeybind","type":"KeyPicker","key":"End","mode":"Toggle"},{"idx":"TotalMissionsPercentage1stSlider","type":"Slider","value":"60"},{"idx":"TotalStreakPercentage1stSlider","type":"Slider","value":"60"},{"idx":"MonthlyKillsPercentage25thSlider","type":"Slider","value":"80"},{"idx":"TotalKillsPercentage25thSlider","type":"Slider","value":"80"},{"idx":"titanPositionDropdown","type":"Dropdown","multi":false,"value":"In front"},{"idx":"RejoinTimer","type":"Slider","value":"3"},{"idx":"AutoSkillSelection","type":"Dropdown","multi":true,"value":[]},{"idx":"MonthlyMissionsPercentage1stSlider","type":"Slider","value":"60"},{"idx":"TotalMissionsPercentage25thSlider","type":"Slider","value":"80"},{"idx":"CfgPlace","type":"Dropdown","value":"Main Menu"},{"idx":"ChestsToOpenDropdown","type":"Dropdown","multi":true,"value":[]},{"idx":"KillDistance","type":"Slider","value":"400"},{"idx":"MonthlyStreakPercentage1stSlider","type":"Slider","value":"60"},{"idx":"LogWhoDropdown","type":"Dropdown","multi":false,"value":"Everyone"},{"idx":"FarmingHeight","type":"Slider","value":"300"},{"idx":"TotalRaidsPercentage25thSlider","type":"Slider","value":"80"},{"idx":"TotalKillsSlider","type":"Slider","value":"1"},{"idx":"MonthlyRaidsSlider","type":"Slider","value":"1"},{"idx":"TotalRaidsSlider","type":"Slider","value":"1"},{"idx":"MonthlyKillsSlider","type":"Slider","value":"1"},{"idx":"TitanFarmMethodDropdown","type":"Dropdown","multi":false,"value":"Moves"},{"idx":"TitanDistanceSlider","type":"Slider","value":"60"},{"idx":"HighlightTitanColorPicker","type":"ColorPicker","transparency":0,"value":"ffffff"},{"idx":"WebhookLinkTextBox","type":"Input","text":""},{"idx":"MaxStall","type":"Slider","value":"50"},{"idx":"LaunchOptionsDropdown","type":"Dropdown","multi":true,"value":{"Hidden ScreenGUI":true,"Debug mode":true,"Error reconnection":true}},{"idx":"TotalRaidsPercentage1stSlider","type":"Slider","value":"60"}]}