{"objects":[{"idx":"NewEquipPerksToggle","type":"Toggle","value":true},{"idx":"GearUpgradeToggle","type":"Toggle","value":true},{"idx":"AutoEquipTree","type":"Toggle","value":true},{"idx":"AutoEnhanceToggle","type":"Toggle","value":false},{"idx":"queueLobby","type":"Toggle","value":true},{"idx":"KickRaidsPlayers","type":"Toggle","value":false},{"idx":"autoPrestigeToggle","type":"Toggle","value":true},{"idx":"EquipConnectToggle","type":"Toggle","value":true},{"idx":"ClaimQuests","type":"Toggle","value":true},{"idx":"SlotSwapToggle","type":"Toggle","value":false},{"idx":"Prestige3WaitToggle","type":"Toggle","value":true},{"idx":"BuyBoostsToggleGemsBlacklist","type":"Toggle","value":false},{"idx":"UnlockTreeToggle","type":"Toggle","value":true},{"idx":"AllowBodyToggle","type":"Toggle","value":false},{"idx":"DumpLBToggle","type":"Toggle","value":true},{"idx":"AutoJoinRaidToggle","type":"Toggle","value":false},{"idx":"SellPerksToggle","type":"Toggle","value":true},{"idx":"Stat1Toggle","type":"Toggle","value":false},{"idx":"EquipConnectRaidToggle","type":"Toggle","value":false},{"idx":"AutoEncounterToggle","type":"Toggle","value":false},{"idx":"BuyBoostsToggle","type":"Toggle","value":true},{"idx":"KickPlayersToggle","type":"Toggle","value":false},{"idx":"SpinsToggle","type":"Toggle","value":false},{"idx":"BuyBoostsToggleBlacklist","type":"Toggle","value":true},{"idx":"AutoBoostToggle","type":"Toggle","value":true},{"idx":"AutoJoinMissionsToggle","type":"Toggle","value":true},{"idx":"AutoShowToggle","type":"Toggle","value":false},{"idx":"EditorConnectToggle","type":"Toggle","value":true},{"idx":"AutoForgeToggle","type":"Toggle","value":false},{"idx":"EditorConnectRaidToggle","type":"Toggle","value":false},{"idx":"MenuKeybind","type":"KeyPicker","key":"End","mode":"Toggle"},{"idx":"AutoEnhanceDropdown","type":"Dropdown","multi":false},{"idx":"MissionDifficulty","type":"Dropdown","multi":false,"value":"Hardest"},{"idx":"BuyBoostsSlider","type":"Slider","value":"1"},{"idx":"SlotPrestigeDrop","type":"Dropdown","multi":false,"value":"Prestige 1"},{"idx":"SecondPrioEquip","type":"Dropdown","multi":true,"value":{"Carnifex [Offense]":true}},{"idx":"boostsDropdown","type":"Dropdown","multi":true,"value":{"2x Gold Boost [1h]":true,"2x Gold Boost [2h]":true}},{"idx":"RaidModifiers","type":"Dropdown","multi":true,"value":[]},{"idx":"SlotValDrop","type":"Dropdown","multi":false,"value":"Slot A"},{"idx":"MissionDropdown","type":"Dropdown","multi":false,"value":"Utgard"},{"idx":"GearUpgradeDropdown","type":"Dropdown","multi":true,"value":{"ODM control":true,"ODM gas":true,"ODM range":true,"Crit chance":true,"Crit damage":true,"Blade durability":true,"ODM speed":true,"ODM damage":true}},{"idx":"RightTreeDrop","type":"Dropdown","multi":true,"value":[]},{"idx":"prestigeGoldDropdown","type":"Dropdown","multi":true,"value":{"Prestige 4":true,"Prestige 3":true}},{"idx":"SkillEquipDropdown","type":"Dropdown","multi":true,"value":{"Torrential Steel":true,"Drill Thrust":true}},{"idx":"MissionModifiers","type":"Dropdown","multi":true,"value":{"Oddball":true,"Nightmare":true,"Injury Prone":true,"Fog":true,"No Talents":true,"Chronic Injuries":true,"Glass Cannon":true,"Time Trial":true}},{"idx":"CfgPlace","type":"Dropdown","value":"Main Menu"},{"idx":"AutoForgeRarityUsageDropdown","type":"Dropdown","multi":true,"value":{"Common":true}},{"idx":"OtherTreeDrop","type":"Dropdown","multi":true,"value":[]},{"idx":"MissionConnectDelay","type":"Slider","value":"20"},{"idx":"ThirdPrioEquip","type":"Dropdown","multi":true,"value":{"Butcher [Offense]":true}},{"idx":"FirstPrioEquip","type":"Dropdown","multi":true,"value":{"Kengo [Offense]":true}},{"idx":"BuyBoostsGemsSlider","type":"Slider","value":"0"},{"idx":"MissionObjective","type":"Dropdown","multi":false,"value":"Defend"},{"idx":"LeftTreeDrop","type":"Dropdown","multi":true,"value":{"Durability I":true,"Control I":true,"Durability III":true,"Injury II [Right]":true,"Durability II":true,"Bandages":true,"Red Flare":true,"Trained Cadet [Blades]":true,"Cooldown II [Right]":true,"Order: Advance [Right]":true,"Black Flare [Right]":true,"Injury I [Right]":true,"Regen I":true,"Cooldown I [Right]":true,"Acoustic Shells [Right]":true,"Support Perk Slot":true,"Target Acquisition":true,"Injury III [Right]":true,"Control II":true,"Order: Rage [Right]":true}},{"idx":"SpinsDrop","type":"Dropdown","multi":false,"value":"5 Spins"},{"idx":"SpinsSlider","type":"Slider","value":"1"},{"idx":"boosterDropdown","type":"Dropdown","multi":false,"value":"Gold Boost"},{"idx":"AutoEncounterSlider","type":"Slider","value":"2"},{"idx":"Stat1Slider","type":"Slider","value":"0.1"},{"idx":"Stat2Slider","type":"Slider","value":"0.1"},{"idx":"MiddleTreeDrop","type":"Dropdown","multi":true,"value":{"Duration I [Blades]":true,"Durability I [Blades]":true,"Offense Perk Slot [Blades]":true,"Torrential Steel [Blades] [Right]":true,"Blade Dance [Blades]":true,"Durability III [Blades]":true,"Crit Damage V [Blades] [Right]":true,"Crit Chance V [Blades] [Right]":true,"Crit Chance III [Blades] [Right]":true,"Momentum [Blades] [Right]":true,"Crit Damage I [Blades]":true,"Crit Chance II [Blades]":true,"Crit Damage IV [Blades] [Right]":true,"Eye Gouge [Blades] [Right]":true,"Damage II [Blades]":true,"Damage I [Blades]":true,"Crit Chance VI [Blades] [Right]":true,"Crit Damage II [Blades] [Right]":true,"Crit Chance IV [Blades] [Right]":true,"Crit Chance I [Blades]":true,"Durability II [Blades]":true,"Crit Damage III [Blades] [Right]":true,"Drill Thrust [Blades] [Right]":true,"Hand Grinder [Blades]":true,"Duration II [Blades]":true}},{"idx":"AutoForgeRarityDropdown","type":"Dropdown","multi":false,"value":"Common"},{"idx":"RaidConnectDelay","type":"Slider","value":"0"},{"idx":"ArtifactDropdown","type":"Dropdown","multi":false},{"idx":"sellPerksDropdown","type":"Dropdown","multi":true,"value":{"Rare":true,"Common":true}},{"idx":"RaidDifficulty","type":"Dropdown","multi":false,"value":"Hard"},{"idx":"Prestige3Wait","type":"Slider","value":"487179487"},{"idx":"LaunchOptionsDropdown","type":"Dropdown","multi":true,"value":{"Hidden ScreenGUI":true,"Debug mode":true,"Error reconnection":true}},{"idx":"RaidsDropdown","type":"Dropdown","multi":false,"value":"Attack Titan"}]}